player_link,advanced_position_group
/cbb/players/keon-ellis-1.html,Big
/cbb/players/jahvon-quinerly-1.html,Wing
/cbb/players/joshua-primo-1.html,Big
/cbb/players/jordan-bruner-1.html,Guard
/cbb/players/john-petty-2.html,Big
/cbb/players/juwan-gary-1.html,Guard
/cbb/players/jaden-shackelford-1.html,Big
/cbb/players/herb-jones-3.html,Guard
/cbb/players/alex-reese-1.html,Big
/cbb/players/james-rojas-1.html,Guard
/cbb/players/bennedict-mathurin-1.html,Big
/cbb/players/ira-lee-1.html,Guard
/cbb/players/jordan-brown-4.html,Guard
/cbb/players/azuolas-tubelis-1.html,Guard
/cbb/players/christian-koloko-1.html,Guard
/cbb/players/jemarl-bakerjr-1.html,Big
/cbb/players/james-akinjo-1.html,Wing
/cbb/players/dalen-terry-1.html,Big
/cbb/players/kerr-kriisa-1.html,Wing
/cbb/players/terrell-brown-55.html,Wing
/cbb/players/chris-osten-1.html,Guard
/cbb/players/remy-martin-2.html,Wing
/cbb/players/jalen-graham-1.html,Guard
/cbb/players/kimani-lawrence-1.html,Guard
/cbb/players/marcus-bagley-1.html,Big
/cbb/players/holland-woods-1.html,Big
/cbb/players/josh-christopher-1.html,Big
/cbb/players/jaelen-house-1.html,Wing
/cbb/players/alonzo-vergejr-1.html,Wing
/cbb/players/jaylin-williams-2.html,Guard
/cbb/players/moses-moody-1.html,Big
/cbb/players/justin-smith-3.html,Guard
/cbb/players/jalen-tate-1.html,Wing
/cbb/players/connor-vanover-1.html,Guard
/cbb/players/desi-sills-1.html,Big
/cbb/players/jd-notae-1.html,Wing
/cbb/players/davonte-davis-1.html,Wing
/cbb/players/vance-jackson-1.html,Big
/cbb/players/dylan-cardwell-1.html,Guard
/cbb/players/chris-moore-10.html,Guard
/cbb/players/jaylin-williams-1.html,Guard
/cbb/players/allen-flanigan-1.html,Wing
/cbb/players/justin-powell-1.html,Wing
/cbb/players/jt-thor-1.html,Guard
/cbb/players/sharife-cooper-1.html,Wing
/cbb/players/jamal-johnson-6.html,Big
/cbb/players/devan-cambridge-1.html,Big
/cbb/players/babatunde-akingbola-1.html,Guard
/cbb/players/davion-mitchell-1.html,Wing
/cbb/players/adam-flagler-1.html,Big
/cbb/players/jonathan-tchamwatchatchoua-1.html,Guard
/cbb/players/jared-butler-1.html,Wing
/cbb/players/macio-teague-1.html,Big
/cbb/players/flo-thamba-1.html,Guard
/cbb/players/matthew-mayer-1.html,Guard
/cbb/players/lj-cryer-1.html,Big
/cbb/players/mark-vital-1.html,Guard
/cbb/players/rich-kelly-1.html,Wing
/cbb/players/steffon-mitchell-1.html,Guard
/cbb/players/cj-felder-1.html,Guard
/cbb/players/wynston-tabbs-1.html,Wing
/cbb/players/jay-heath-1.html,Wing
/cbb/players/james-karnik-1.html,Guard
/cbb/players/demarr-langfordjr-1.html,Wing
/cbb/players/makai-ashton-langford-1.html,Wing
/cbb/players/frederick-scott-1.html,Guard
/cbb/players/kamari-williams-1.html,Big
/cbb/players/chuck-harris-2.html,Wing
/cbb/players/bryce-golden-1.html,Guard
/cbb/players/aaron-thompson-3.html,Wing
/cbb/players/bryce-nze-1.html,Guard
/cbb/players/jair-bolden-1.html,Big
/cbb/players/myles-wilmoth-1.html,Guard
/cbb/players/myles-tate-2.html,Wing
/cbb/players/bo-hodges-1.html,Big
/cbb/players/andre-kelly-1.html,Guard
/cbb/players/lars-thiemann-1.html,Guard
/cbb/players/matt-bradley-1.html,Wing
/cbb/players/jalen-celestine-1.html,Big
/cbb/players/kuany-kuany-1.html,Guard
/cbb/players/joel-brown-1.html,Wing
/cbb/players/grant-anticevich-1.html,Big
/cbb/players/ryan-betley-1.html,Big
/cbb/players/makale-foreman-1.html,Wing
/cbb/players/jarred-hyder-1.html,Wing
/cbb/players/brandon-mahan-1.html,Big
/cbb/players/avery-diggs-1.html,Guard
/cbb/players/darius-perry-1.html,Wing
/cbb/players/jamille-reynolds-1.html,Guard
/cbb/players/isaiah-adams-1.html,Wing
/cbb/players/darin-greenjr-1.html,Big
/cbb/players/dre-fullerjr-1.html,Wing
/cbb/players/cj-walker-3.html,Guard
/cbb/players/sean-mobley-1.html,Wing
/cbb/players/zach-harvey-1.html,Big
/cbb/players/jeremiah-davenport-1.html,Big
/cbb/players/rapolas-ivanauskas-1.html,Guard
/cbb/players/mika-adams-woods-1.html,Big
/cbb/players/mason-madsen-1.html,Big
/cbb/players/chris-vogt-1.html,Guard
/cbb/players/tari-eason-1.html,Guard
/cbb/players/mamoudou-diarra-1.html,Guard
/cbb/players/mike-saundersjr-1.html,Wing
/cbb/players/keith-williams-10.html,Wing
/cbb/players/david-dejulius-1.html,Wing
/cbb/players/aamir-simms-1.html,Guard
/cbb/players/tyson-hunter-1.html,Guard
/cbb/players/alex-hemenway-1.html,Big
/cbb/players/al-amir-dawes-1.html,Wing
/cbb/players/pj-hall-1.html,Guard
/cbb/players/nick-honor-1.html,Wing
/cbb/players/clyde-trapp-1.html,Wing
/cbb/players/jonathan-baehre-1.html,Guard
/cbb/players/olivier-maxence-prosper-1.html,Big
/cbb/players/john-newmaniii-1.html,Wing
/cbb/players/chase-hunter-1.html,Wing
/cbb/players/dallas-walton-1.html,Guard
/cbb/players/jabari-walker-1.html,Guard
/cbb/players/eli-parquet-1.html,Big
/cbb/players/jeriah-horne-1.html,Guard
/cbb/players/evan-battey-1.html,Guard
/cbb/players/tristan-dasilva-1.html,Big
/cbb/players/mckinley-wrightiv-1.html,Wing
/cbb/players/dshawn-schwartz-1.html,Big
/cbb/players/maddox-daniels-1.html,Big
/cbb/players/keeshawn-barthelemy-1.html,Wing
/cbb/players/adama-sanogo-1.html,Guard
/cbb/players/jalen-gaffney-1.html,Wing
/cbb/players/james-bouknight-1.html,Wing
/cbb/players/tyler-polley-1.html,Big
/cbb/players/rj-cole-1.html,Wing
/cbb/players/tyrese-martin-1.html,Big
/cbb/players/josh-carlton-1.html,Guard
/cbb/players/isaiah-whaley-1.html,Guard
/cbb/players/andre-jackson-8.html,Wing
/cbb/players/brendan-adams-1.html,Big
/cbb/players/christian-bishop-1.html,Guard
/cbb/players/ryan-kalkbrenner-1.html,Guard
/cbb/players/marcus-zegarowski-1.html,Wing
/cbb/players/mitchell-ballock-1.html,Big
/cbb/players/damien-jefferson-1.html,Big
/cbb/players/shereef-mitchell-1.html,Wing
/cbb/players/denzel-mahoney-1.html,Big
/cbb/players/antwann-jones-2.html,Wing
/cbb/players/alex-oconnell-1.html,Big
/cbb/players/hyunjung-lee-1.html,Big
/cbb/players/luka-brajkovic-1.html,Guard
/cbb/players/carter-collins-1.html,Wing
/cbb/players/kellan-grady-1.html,Big
/cbb/players/mike-jones-35.html,Big
/cbb/players/grant-huffman-1.html,Wing
/cbb/players/bates-jones-1.html,Big
/cbb/players/nelson-boachie-yiadom-1.html,Guard
/cbb/players/sam-mennenga-1.html,Guard
/cbb/players/chase-johnson-1.html,Guard
/cbb/players/rj-blakney-1.html,Big
/cbb/players/mustapha-amzil-1.html,Guard
/cbb/players/ibi-watson-1.html,Big
/cbb/players/jordy-tshimanga-1.html,Guard
/cbb/players/jalen-crutcher-1.html,Wing
/cbb/players/zimi-nwokeji-1.html,Big
/cbb/players/koby-brea-1.html,Big
/cbb/players/elijah-weaver-1.html,Wing
/cbb/players/rodney-chatman-1.html,Wing
/cbb/players/nick-ongenda-1.html,Guard
/cbb/players/pauly-paulicap-1.html,Guard
/cbb/players/charlie-moore-1.html,Wing
/cbb/players/javon-freeman-1.html,Wing
/cbb/players/kobe-elvis-1.html,Wing
/cbb/players/romeo-weems-1.html,Guard
/cbb/players/courvoisier-mccauley-1.html,Big
/cbb/players/ray-salnave-1.html,Wing
/cbb/players/darious-hall-1.html,Guard
/cbb/players/david-jones-10.html,Big
/cbb/players/matthew-hurt-1.html,Guard
/cbb/players/mark-williams-7.html,Guard
/cbb/players/jalen-johnson-24.html,Guard
/cbb/players/jeremy-roach-2.html,Wing
/cbb/players/dj-steward-1.html,Wing
/cbb/players/wendell-moorejr-1.html,Big
/cbb/players/jaemyn-brakefield-1.html,Guard
/cbb/players/jordan-goldwire-1.html,Wing
/cbb/players/joey-baker-1.html,Big
/cbb/players/chad-baker-1.html,Big
/cbb/players/marcus-weathers-1.html,Guard
/cbb/players/michael-hughes-2.html,Guard
/cbb/players/toby-okani-1.html,Big
/cbb/players/amari-kelly-1.html,Guard
/cbb/players/tavian-dunn-martin-1.html,Wing
/cbb/players/tyson-acuff-1.html,Big
/cbb/players/andre-harris-8.html,Guard
/cbb/players/sincere-carry-1.html,Wing
/cbb/players/ryan-murphy-3.html,Big
/cbb/players/jayden-gardner-1.html,Guard
/cbb/players/brandon-suggs-2.html,Wing
/cbb/players/ludgy-debaut-1.html,Guard
/cbb/players/tremont-robinson-white-1.html,Wing
/cbb/players/noah-farrakhan-1.html,Wing
/cbb/players/jj-miles-1.html,Wing
/cbb/players/bitumba-baruti-1.html,Big
/cbb/players/tristen-newton-1.html,Wing
/cbb/players/tyrie-jackson-1.html,Wing
/cbb/players/omar-payne-1.html,Guard
/cbb/players/keyontae-johnson-1.html,Guard
/cbb/players/colin-castleton-1.html,Guard
/cbb/players/tre-mann-1.html,Wing
/cbb/players/noah-locke-1.html,Big
/cbb/players/tyree-appleby-1.html,Wing
/cbb/players/scottie-lewis-1.html,Big
/cbb/players/ques-glover-1.html,Wing
/cbb/players/anthony-duruji-1.html,Guard
/cbb/players/samson-ruzhentsev-1.html,Big
/cbb/players/tanor-ngom-1.html,Guard
/cbb/players/anthony-polite-1.html,Big
/cbb/players/balsa-koprivica-1.html,Guard
/cbb/players/raiquan-gray-1.html,Guard
/cbb/players/mj-walker-1.html,Wing
/cbb/players/nathanael-jack-1.html,Big
/cbb/players/malik-osborne-1.html,Guard
/cbb/players/wyatt-wilkes-1.html,Big
/cbb/players/scottie-barnes-1.html,Wing
/cbb/players/sardaar-calhoun-1.html,Big
/cbb/players/rayquan-evans-1.html,Wing
/cbb/players/joel-soriano-1.html,Guard
/cbb/players/chris-austin-1.html,Big
/cbb/players/onyi-eyisi-1.html,Guard
/cbb/players/ty-perry-4.html,Big
/cbb/players/kyle-rose-1.html,Wing
/cbb/players/josh-navarro-1.html,Wing
/cbb/players/jalen-cobb-1.html,Wing
/cbb/players/maceo-jack-1.html,Big
/cbb/players/jamison-battle-1.html,Big
/cbb/players/matthew-moyer-1.html,Guard
/cbb/players/ricky-lindo-1.html,Guard
/cbb/players/sloan-seymour-1.html,Big
/cbb/players/james-bishop-2.html,Wing
/cbb/players/tyler-brelsford-1.html,Big
/cbb/players/chase-paar-1.html,Guard
/cbb/players/jameer-nelsonjr-1.html,Wing
/cbb/players/javon-greene-1.html,Wing
/cbb/players/tyler-kolek-1.html,Big
/cbb/players/jordan-miller-2.html,Big
/cbb/players/josh-oduro-1.html,Guard
/cbb/players/jamal-hartwellii-1.html,Wing
/cbb/players/bahaide-haidara-1.html,Guard
/cbb/players/otis-frazieriii-1.html,Big
/cbb/players/xavier-johnson-3.html,Wing
/cbb/players/aj-wilson-2.html,Guard
/cbb/players/ronald-polite-1.html,Wing
/cbb/players/donald-carey-1.html,Big
/cbb/players/qudus-wahab-1.html,Guard
/cbb/players/chaudier-bile-1.html,Guard
/cbb/players/jahvon-blair-1.html,Wing
/cbb/players/jamorko-pickett-1.html,Big
/cbb/players/timothy-ighoefe-1.html,Guard
/cbb/players/dante-harris-1.html,Wing
/cbb/players/tye-fagan-1.html,Big
/cbb/players/pj-horne-1.html,Big
/cbb/players/andrew-garcia-2.html,Guard
/cbb/players/toumani-camara-1.html,Guard
/cbb/players/christian-brown-2.html,Guard
/cbb/players/kd-johnson-1.html,Wing
/cbb/players/justin-kier-1.html,Wing
/cbb/players/sahvir-wheeler-1.html,Wing
/cbb/players/jose-alvarado-1.html,Wing
/cbb/players/michael-devoe-1.html,Wing
/cbb/players/moses-wright-1.html,Guard
/cbb/players/jordan-usher-1.html,Wing
/cbb/players/bubba-parham-1.html,Big
/cbb/players/kyle-sturdivant-1.html,Wing
/cbb/players/khalid-moore-1.html,Big
/cbb/players/reggie-chaney-1.html,Guard
/cbb/players/cameron-tyson-1.html,Big
/cbb/players/justin-gorham-1.html,Guard
/cbb/players/jwan-roberts-1.html,Guard
/cbb/players/quentin-grimes-1.html,Big
/cbb/players/fabian-whitejr-1.html,Guard
/cbb/players/brison-gresham-1.html,Guard
/cbb/players/dejon-jarreau-1.html,Wing
/cbb/players/marcus-sasser-1.html,Big
/cbb/players/jamal-shead-1.html,Wing
/cbb/players/tramon-mark-1.html,Wing
/cbb/players/kiyron-powell-1.html,Guard
/cbb/players/demonte-williams-1.html,Big
/cbb/players/jacob-grandison-1.html,Big
/cbb/players/kofi-cockburn-1.html,Guard
/cbb/players/giorgi-bezhanishvili-1.html,Guard
/cbb/players/ayo-dosunmu-1.html,Wing
/cbb/players/trent-fraizer-1.html,Big
/cbb/players/andre-curbelo-1.html,Wing
/cbb/players/adam-miller-3.html,Big
/cbb/players/trayce-jackson-davis-1.html,Guard
/cbb/players/race-thompson-1.html,Guard
/cbb/players/armaan-franklin-1.html,Wing
/cbb/players/aljami-durham-1.html,Big
/cbb/players/jerome-hunter-2.html,Big
/cbb/players/jordan-geronimo-1.html,Guard
/cbb/players/trey-galloway-1.html,Wing
/cbb/players/anthony-leal-1.html,Big
/cbb/players/rob-phinisee-1.html,Wing
/cbb/players/khristian-lander-1.html,Wing
/cbb/players/luka-garza-1.html,Guard
/cbb/players/joe-wieskamp-1.html,Big
/cbb/players/cj-fredrick-1.html,Big
/cbb/players/keegan-murray-1.html,Guard
/cbb/players/jordan-bohannon-1.html,Wing
/cbb/players/jack-nunge-1.html,Guard
/cbb/players/patrick-mccaffery-1.html,Big
/cbb/players/joe-toussaint-1.html,Wing
/cbb/players/tony-perkins-1.html,Big
/cbb/players/connor-mccaffery-1.html,Wing
/cbb/players/jalen-coleman-lands-1.html,Big
/cbb/players/solomon-young-1.html,Guard
/cbb/players/rasir-bolton-1.html,Wing
/cbb/players/tyler-harris-3.html,Wing
/cbb/players/javan-johnson-1.html,Wing
/cbb/players/jaden-walker-1.html,Wing
/cbb/players/tre-jackson-1.html,Big
/cbb/players/george-condittiv-1.html,Guard
/cbb/players/darlinstone-dubar-1.html,Wing
/cbb/players/dajuan-harris-1.html,Wing
/cbb/players/david-mccormack-1.html,Guard
/cbb/players/ochai-agbaji-1.html,Big
/cbb/players/marcus-garrett-1.html,Wing
/cbb/players/mitch-lightfoot-1.html,Guard
/cbb/players/christian-braun-1.html,Big
/cbb/players/jalen-wilson-1.html,Guard
/cbb/players/tristan-enaruna-1.html,Big
/cbb/players/tyon-grant-foster-1.html,Guard
/cbb/players/bryce-thompson-1.html,Wing
/cbb/players/davion-bradford-1.html,Guard
/cbb/players/nijel-pack-1.html,Wing
/cbb/players/kaosi-ezeagu-1.html,Guard
/cbb/players/carlton-linguardjr-1.html,Guard
/cbb/players/mike-mcguirl-1.html,Wing
/cbb/players/antonio-gordon-1.html,Guard
/cbb/players/rudi-williams-1.html,Wing
/cbb/players/dajuan-gordon-1.html,Wing
/cbb/players/selton-miguel-1.html,Wing
/cbb/players/luke-kasubke-1.html,Big
/cbb/players/isaiah-jackson-3.html,Guard
/cbb/players/olivier-sarr-1.html,Guard
/cbb/players/dontaie-allen-1.html,Big
/cbb/players/davion-mintz-1.html,Wing
/cbb/players/jacob-toppin-1.html,Guard
/cbb/players/keion-brooksjr-1.html,Guard
/cbb/players/devin-askew-1.html,Wing
/cbb/players/terrence-clarke-1.html,Wing
/cbb/players/lance-ware-1.html,Guard
/cbb/players/brandon-bostonjr-1.html,Big
/cbb/players/jared-kimbrough-1.html,Guard
/cbb/players/jhamir-brickus-1.html,Wing
/cbb/players/clifton-moore-1.html,Guard
/cbb/players/christian-ray-1.html,Big
/cbb/players/sherif-kenney-1.html,Wing
/cbb/players/scott-spencer-1.html,Big
/cbb/players/david-beatty-1.html,Wing
/cbb/players/jack-clarke-1.html,Big
/cbb/players/anwar-gill-1.html,Wing
/cbb/players/ayinde-hikim-1.html,Wing
/cbb/players/jaelyn-withers-1.html,Guard
/cbb/players/jj-traynor-1.html,Guard
/cbb/players/quinn-slazinski-1.html,Big
/cbb/players/samuell-williamson-1.html,Guard
/cbb/players/david-johnson-13.html,Wing
/cbb/players/dre-davis-3.html,Big
/cbb/players/carlik-jones-1.html,Wing
/cbb/players/josh-nickelberry-1.html,Big
/cbb/players/mwani-wilkinson-1.html,Guard
/cbb/players/darius-days-1.html,Guard
/cbb/players/josh-leblanc-1.html,Guard
/cbb/players/javonte-smart-1.html,Wing
/cbb/players/jalen-cook-1.html,Wing
/cbb/players/cameron-thomas-1.html,Big
/cbb/players/trendon-watford-1.html,Guard
/cbb/players/aundre-hyatt-1.html,Big
/cbb/players/eric-gaines-4.html,Wing
/cbb/players/greg-elliott-1.html,Big
/cbb/players/theo-john-2.html,Guard
/cbb/players/dawson-garcia-1.html,Guard
/cbb/players/dj-carton-1.html,Wing
/cbb/players/jamal-cain-1.html,Big
/cbb/players/koby-mcewen-1.html,Wing
/cbb/players/justin-lewis-1.html,Guard
/cbb/players/jose-perez-1.html,Big
/cbb/players/symir-torrence-1.html,Wing
/cbb/players/donta-scott-1.html,Guard
/cbb/players/jairus-hamilton-1.html,Big
/cbb/players/eric-ayala-1.html,Big
/cbb/players/hakim-hart-1.html,Big
/cbb/players/galin-smith-1.html,Guard
/cbb/players/aaron-wiggins-1.html,Big
/cbb/players/darryl-morsell-1.html,Wing
/cbb/players/aquan-smart-1.html,Wing
/cbb/players/tre-mitchell-1.html,Guard
/cbb/players/ronnie-degrayiii-1.html,Guard
/cbb/players/noah-fernandes-1.html,Wing
/cbb/players/cairo-mccrory-1.html,Guard
/cbb/players/javohn-garcia-1.html,Wing
/cbb/players/carl-pierre-1.html,Big
/cbb/players/tj-weeks-1.html,Big
/cbb/players/mark-gasperini-1.html,Guard
/cbb/players/dibaji-walker-1.html,Big
/cbb/players/deandre-williams-1.html,Guard
/cbb/players/lester-quinones-1.html,Big
/cbb/players/landers-nolleyii-1.html,Big
/cbb/players/alex-lomax-1.html,Wing
/cbb/players/boogie-ellis-1.html,Big
/cbb/players/malcolm-dandridge-1.html,Guard
/cbb/players/moussa-cisse-1.html,Guard
/cbb/players/dj-jeffries-1.html,Guard
/cbb/players/damion-baugh-1.html,Wing
/cbb/players/jayden-hardaway-1.html,Big
/cbb/players/matt-cross-1.html,Big
/cbb/players/isaiah-wong-1.html,Wing
/cbb/players/nysier-brooks-1.html,Guard
/cbb/players/kameron-mcgusty-1.html,Wing
/cbb/players/earl-timberlake-1.html,Wing
/cbb/players/elijah-olaniyi-1.html,Big
/cbb/players/anthony-walker-7.html,Guard
/cbb/players/deng-gak-1.html,Guard
/cbb/players/harlond-beverly-1.html,Wing
/cbb/players/willie-herenton-1.html,Big
/cbb/players/austin-davis-1.html,Guard
/cbb/players/hunter-dickinson-1.html,Guard
/cbb/players/brandon-johnsjr-1.html,Guard
/cbb/players/chaundee-brown-1.html,Big
/cbb/players/isaiah-livers-1.html,Big
/cbb/players/franz-wagner-1.html,Big
/cbb/players/eli-brooks-1.html,Wing
/cbb/players/mike-smith-9.html,Wing
/cbb/players/terrance-williamsii-1.html,Guard
/cbb/players/thomas-kithier-1.html,Guard
/cbb/players/gabe-brown-2.html,Big
/cbb/players/julius-marble-2.html,Guard
/cbb/players/joey-hauser-1.html,Guard
/cbb/players/malik-hall-1.html,Guard
/cbb/players/marcus-bingham-1.html,Guard
/cbb/players/aaron-henry-1.html,Wing
/cbb/players/foster-loyer-1.html,Wing
/cbb/players/joshua-langford-1.html,Big
/cbb/players/mark-watts-1.html,Wing
/cbb/players/aj-hoggard-1.html,Wing
/cbb/players/brandon-johnson-56.html,Guard
/cbb/players/liam-robbins-1.html,Guard
/cbb/players/marcus-carr-2.html,Wing
/cbb/players/both-gach-1.html,Wing
/cbb/players/eric-curry-1.html,Guard
/cbb/players/tre-williams-1.html,Big
/cbb/players/gabe-kalscheur-1.html,Big
/cbb/players/jamal-mashburnjr-1.html,Wing
/cbb/players/isaiah-ihnen-1.html,Guard
/cbb/players/romello-white-1.html,Guard
/cbb/players/sammy-hunter-2.html,Guard
/cbb/players/kj-buffen-1.html,Guard
/cbb/players/robert-allen-4.html,Guard
/cbb/players/luis-rodriguez-1.html,Big
/cbb/players/devontae-shuler-1.html,Wing
/cbb/players/jarkell-joiner-1.html,Wing
/cbb/players/khadim-sy-1.html,Guard
/cbb/players/austin-crowley-1.html,Wing
/cbb/players/matthew-murrell-1.html,Wing
/cbb/players/tolu-smith-1.html,Guard
/cbb/players/abdul-ado-1.html,Guard
/cbb/players/derek-fountain-1.html,Big
/cbb/players/iverson-molinar-1.html,Wing
/cbb/players/jalen-johnson-2.html,Big
/cbb/players/dj-stewart-1.html,Wing
/cbb/players/quinten-post-1.html,Guard
/cbb/players/cameron-matthews-1.html,Guard
/cbb/players/javian-davis-fleming-1.html,Guard
/cbb/players/deivon-smith-1.html,Wing
/cbb/players/parker-braun-1.html,Guard
/cbb/players/jeremiah-tilmon-1.html,Guard
/cbb/players/dru-smith-1.html,Wing
/cbb/players/javon-pickett-1.html,Big
/cbb/players/mitchell-smith-1.html,Guard
/cbb/players/kobe-brown-1.html,Guard
/cbb/players/xavier-pinson-1.html,Wing
/cbb/players/mark-smith-5.html,Big
/cbb/players/torrence-watson-1.html,Big
/cbb/players/drew-buggs-1.html,Wing
/cbb/players/eduardo-andre-1.html,Guard
/cbb/players/derrick-walker-1.html,Guard
/cbb/players/teddy-allen-1.html,Big
/cbb/players/trevor-lakes-1.html,Big
/cbb/players/shamiel-stevenson-1.html,Big
/cbb/players/lat-mayen-1.html,Big
/cbb/players/kobe-webster-1.html,Big
/cbb/players/dalano-banton-1.html,Wing
/cbb/players/trey-mcgowens-1.html,Wing
/cbb/players/thorir-thorbjarnarson-1.html,Big
/cbb/players/yvan-ouedraogo-1.html,Guard
/cbb/players/manny-bates-1.html,Guard
/cbb/players/dj-funderburk-1.html,Guard
/cbb/players/braxton-beverly-1.html,Wing
/cbb/players/devon-daniels-1.html,Wing
/cbb/players/jericole-hellems-1.html,Big
/cbb/players/dereon-seabron-1.html,Big
/cbb/players/shakeel-moore-1.html,Wing
/cbb/players/cam-hayes-1.html,Wing
/cbb/players/thomas-allen-1.html,Big
/cbb/players/armando-bacot-1.html,Guard
/cbb/players/kerwin-walton-1.html,Big
/cbb/players/walker-kessler-1.html,Guard
/cbb/players/andrew-platek-1.html,Big
/cbb/players/dayron-sharpe-1.html,Guard
/cbb/players/garrison-brooks-1.html,Guard
/cbb/players/anthony-harris-10.html,Wing
/cbb/players/rj-davis-1.html,Wing
/cbb/players/rechon-black-1.html,Big
/cbb/players/caleb-love-1.html,Wing
/cbb/players/ryan-young-2.html,Guard
/cbb/players/ryan-greer-1.html,Wing
/cbb/players/pete-nance-1.html,Guard
/cbb/players/robbie-beran-1.html,Big
/cbb/players/ty-berry-1.html,Big
/cbb/players/anthony-gaines-2.html,Big
/cbb/players/miller-kopp-1.html,Big
/cbb/players/boo-buie-1.html,Wing
/cbb/players/chase-audige-1.html,Wing
/cbb/players/nikola-djogo-1.html,Big
/cbb/players/nate-laszewski-1.html,Guard
/cbb/players/juwan-durham-1.html,Guard
/cbb/players/trey-wertz-1.html,Wing
/cbb/players/dane-goodwin-1.html,Big
/cbb/players/cormac-ryan-1.html,Big
/cbb/players/prentiss-hubb-1.html,Wing
/cbb/players/justin-ahrens-1.html,Big
/cbb/players/kyle-young-3.html,Guard
/cbb/players/zed-key-1.html,Guard
/cbb/players/justice-sueing-2.html,Guard
/cbb/players/ej-liddell-1.html,Guard
/cbb/players/seth-towns-1.html,Big
/cbb/players/duane-washingtonjr-1.html,Wing
/cbb/players/cj-walker-2.html,Wing
/cbb/players/musa-jallow-1.html,Big
/cbb/players/eugene-browniii-1.html,Big
/cbb/players/austin-reaves-1.html,Wing
/cbb/players/devion-harmon-1.html,Big
/cbb/players/umoja-gibson-1.html,Big
/cbb/players/kur-kuath-1.html,Guard
/cbb/players/brady-manek-1.html,Guard
/cbb/players/alondes-williams-1.html,Big
/cbb/players/jalen-hill-2.html,Guard
/cbb/players/trey-phipps-1.html,Big
/cbb/players/elijah-harkless-1.html,Wing
/cbb/players/victor-iwuakor-1.html,Guard
/cbb/players/kalib-boone-1.html,Guard
/cbb/players/cade-cunningham-1.html,Wing
/cbb/players/avery-andersoniii-1.html,Wing
/cbb/players/rondel-walker-1.html,Big
/cbb/players/isaac-likekele-1.html,Wing
/cbb/players/matthew-alexander-moncrieffe-1.html,Guard
/cbb/players/keylan-boone-1.html,Big
/cbb/players/bryce-williams-1.html,Wing
/cbb/players/ferron-flavorsjr-1.html,Big
/cbb/players/chris-duarte-1.html,Big
/cbb/players/nfaly-dante-1.html,Guard
/cbb/players/eugene-omoruyi-1.html,Guard
/cbb/players/will-richardson-1.html,Wing
/cbb/players/lj-figueroa-1.html,Big
/cbb/players/chandler-lawson-1.html,Guard
/cbb/players/jalen-terry-1.html,Wing
/cbb/players/eric-williamsjr-1.html,Big
/cbb/players/amauri-hardy-1.html,Wing
/cbb/players/roman-silva-1.html,Guard
/cbb/players/dearon-tucker-1.html,Guard
/cbb/players/jarod-lucas-1.html,Big
/cbb/players/zach-reichle-1.html,Big
/cbb/players/rodrigue-andela-1.html,Guard
/cbb/players/tariq-silver-1.html,Big
/cbb/players/ethan-thompson-1.html,Wing
/cbb/players/warith-alatishe-1.html,Guard
/cbb/players/maurice-calloo-1.html,Big
/cbb/players/gianni-hunt-1.html,Wing
/cbb/players/john-harrar-1.html,Guard
/cbb/players/trent-buttrick-1.html,Guard
/cbb/players/myreon-jones-1.html,Big
/cbb/players/myles-dread-1.html,Big
/cbb/players/jamari-wheeler-1.html,Wing
/cbb/players/izaiah-brockington-1.html,Big
/cbb/players/seth-lundy-1.html,Big
/cbb/players/sam-sessoms-1.html,Wing
/cbb/players/audiese-toney-1.html,Big
/cbb/players/xavier-johnson-2.html,Wing
/cbb/players/justin-champagnie-1.html,Guard
/cbb/players/karim-coulibaly-1.html,Guard
/cbb/players/nike-sibande-1.html,Wing
/cbb/players/femi-odukale-1.html,Wing
/cbb/players/ithiel-horton-1.html,Big
/cbb/players/terrell-brown-5.html,Guard
/cbb/players/john-hugley-1.html,Guard
/cbb/players/william-jeffress-1.html,Big
/cbb/players/jimmy-nichols-1.html,Guard
/cbb/players/nate-watson-1.html,Guard
/cbb/players/noah-horchler-1.html,Guard
/cbb/players/david-duke-1.html,Wing
/cbb/players/aj-reeves-1.html,Big
/cbb/players/alyn-breed-1.html,Big
/cbb/players/greg-gantt-2.html,Big
/cbb/players/ed-croswell-1.html,Guard
/cbb/players/jared-bynum-1.html,Wing
/cbb/players/zach-edey-1.html,Guard
/cbb/players/sasha-stefanovic-1.html,Big
/cbb/players/mason-gillis-1.html,Big
/cbb/players/isaiah-thompson-1.html,Big
/cbb/players/brandon-newman-2.html,Big
/cbb/players/trevion-williams-1.html,Guard
/cbb/players/jaden-ivey-1.html,Big
/cbb/players/aaron-wheeler-2.html,Guard
/cbb/players/eric-hunterjr-1.html,Wing
/cbb/players/antwan-walker-1.html,Guard
/cbb/players/dj-johnson-5.html,Big
/cbb/players/ishmael-leggett-1.html,Wing
/cbb/players/jeremy-sheppard-1.html,Wing
/cbb/players/malik-martin-1.html,Big
/cbb/players/makhel-mitchell-1.html,Guard
/cbb/players/fatts-russell-1.html,Wing
/cbb/players/jalen-carey-1.html,Wing
/cbb/players/allen-betrand-1.html,Big
/cbb/players/jermaine-harris-1.html,Guard
/cbb/players/matt-grace-1.html,Big
/cbb/players/andre-gustavson-1.html,Big
/cbb/players/grant-golden-1.html,Guard
/cbb/players/tyler-burton-1.html,Guard
/cbb/players/nathan-cayo-1.html,Guard
/cbb/players/jacob-gilyard-1.html,Wing
/cbb/players/souleymane-koureissi-1.html,Guard
/cbb/players/blake-francis-1.html,Wing
/cbb/players/myles-johnson-1.html,Guard
/cbb/players/clifford-omoruyi-1.html,Guard
/cbb/players/paul-mulcahy-1.html,Wing
/cbb/players/jacob-young-1.html,Wing
/cbb/players/ron-harperjr-1.html,Big
/cbb/players/geo-baker-1.html,Wing
/cbb/players/montez-mathis-1.html,Big
/cbb/players/caleb-mcconnell-1.html,Big
/cbb/players/ike-obiagu-1.html,Guard
/cbb/players/tyrese-samuel-1.html,Guard
/cbb/players/shavar-reynolds-1.html,Wing
/cbb/players/myles-cale-1.html,Big
/cbb/players/jared-rhoden-1.html,Big
/cbb/players/sandro-mamukelashvili-1.html,Guard
/cbb/players/bryce-aiken-1.html,Wing
/cbb/players/takal-molson-1.html,Big
/cbb/players/charles-smithiv-1.html,Big
/cbb/players/yor-anei-1.html,Guard
/cbb/players/feron-hunt-1.html,Guard
/cbb/players/kendric-davis-1.html,Wing
/cbb/players/darius-mcneill-1.html,Big
/cbb/players/emmanuel-bandoumel-1.html,Big
/cbb/players/tyson-jolly-1.html,Big
/cbb/players/william-douglas-1.html,Wing
/cbb/players/ethan-chargois-1.html,Guard
/cbb/players/isiah-jasey-1.html,Guard
/cbb/players/wildens-leveque-1.html,Guard
/cbb/players/trae-hannibal-1.html,Wing
/cbb/players/keyshawn-bryant-1.html,Guard
/cbb/players/aj-lawson-12.html,Big
/cbb/players/jalyn-mccreary-1.html,Guard
/cbb/players/justin-minaya-1.html,Big
/cbb/players/tj-moss-1.html,Wing
/cbb/players/seventh-woods-1.html,Wing
/cbb/players/jermaine-couisnard-1.html,Wing
/cbb/players/alexis-yetna-1.html,Guard
/cbb/players/justin-brown-116.html,Big
/cbb/players/madut-akec-1.html,Big
/cbb/players/jamir-chaplin-1.html,Big
/cbb/players/xavier-castaneda-1.html,Wing
/cbb/players/michael-durr-1.html,Guard
/cbb/players/david-collins-3.html,Wing
/cbb/players/prince-oduro-1.html,Guard
/cbb/players/rashun-williams-1.html,Big
/cbb/players/russel-tchewa-1.html,Guard
/cbb/players/caleb-murphy-1.html,Wing
/cbb/players/osun-osunniyi-1.html,Guard
/cbb/players/dominick-welch-1.html,Big
/cbb/players/jalen-adaway-1.html,Big
/cbb/players/kyle-lofton-1.html,Wing
/cbb/players/jaren-holmes-1.html,Big
/cbb/players/alejandro-vasquez-1.html,Big
/cbb/players/josh-roberts-1.html,Guard
/cbb/players/isaih-moore-1.html,Guard
/cbb/players/greg-williamsjr-1.html,Big
/cbb/players/julian-champagnie-1.html,Big
/cbb/players/posh-alexander-1.html,Wing
/cbb/players/dylan-addae-wusu-1.html,Wing
/cbb/players/marcellus-earlington-1.html,Guard
/cbb/players/vince-cole-1.html,Big
/cbb/players/rasheem-dunn-1.html,Wing
/cbb/players/taylor-funk-1.html,Big
/cbb/players/jack-forrest-1.html,Big
/cbb/players/jadrian-tracey-1.html,Big
/cbb/players/ryan-daly-1.html,Big
/cbb/players/cameron-brown-1.html,Big
/cbb/players/jordan-hall-1.html,Wing
/cbb/players/myles-douglas-1.html,Big
/cbb/players/dahmir-bishop-1.html,Wing
/cbb/players/rahmir-moore-1.html,Wing
/cbb/players/marten-linssen-1.html,Guard
/cbb/players/demarius-jacobs-1.html,Big
/cbb/players/gibson-jimerson-1.html,Big
/cbb/players/javonte-perkins-1.html,Big
/cbb/players/terrence-hargrovejr-1.html,Big
/cbb/players/fred-thatchjr-1.html,Big
/cbb/players/hasahn-french-1.html,Guard
/cbb/players/jordan-goodwin-1.html,Wing
/cbb/players/yuri-collins-1.html,Wing
/cbb/players/oscar-dasilva-1.html,Guard
/cbb/players/max-murrell-1.html,Guard
/cbb/players/daejon-davis-1.html,Wing
/cbb/players/michael-oconnell-3.html,Wing
/cbb/players/spencer-jones-1.html,Big
/cbb/players/jaiden-delaire-1.html,Guard
/cbb/players/lukas-kisunas-1.html,Guard
/cbb/players/bryce-wills-1.html,Wing
/cbb/players/ziaire-williams-1.html,Wing
/cbb/players/noah-taitz-1.html,Wing
/cbb/players/brandon-angel-1.html,Big
/cbb/players/marek-dolezaj-1.html,Guard
/cbb/players/buddy-boeheim-1.html,Big
/cbb/players/alan-griffin-1.html,Big
/cbb/players/quincy-guerrier-1.html,Guard
/cbb/players/kadary-richmond-1.html,Wing
/cbb/players/robert-braswell-1.html,Big
/cbb/players/joseph-girardiii-1.html,Wing
/cbb/players/kevin-samuel-3.html,Guard
/cbb/players/francisco-farabello-1.html,Big
/cbb/players/jaedon-ledee-1.html,Guard
/cbb/players/charles-obannonjr-1.html,Guard
/cbb/players/mike-miles-4.html,Wing
/cbb/players/taryn-todd-1.html,Wing
/cbb/players/rj-nembhard-1.html,Wing
/cbb/players/pj-fuller-1.html,Wing
/cbb/players/kevin-easley-2.html,Big
/cbb/players/brendan-barry-1.html,Big
/cbb/players/jake-forrester-1.html,Guard
/cbb/players/jeremiah-williams-3.html,Wing
/cbb/players/devondre-perry-1.html,Big
/cbb/players/jp-moorman-1.html,Big
/cbb/players/khalif-battle-1.html,Wing
/cbb/players/damian-dunn-1.html,Wing
/cbb/players/john-fulkerson-1.html,Guard
/cbb/players/jaden-springer-1.html,Wing
/cbb/players/santiago-vescovi-1.html,Wing
/cbb/players/olivier-nkamhoua-1.html,Guard
/cbb/players/victor-baileyjr-1.html,Big
/cbb/players/yves-pons-1.html,Guard
/cbb/players/keon-johnson-2.html,Wing
/cbb/players/josiah-jordan-james-1.html,Big
/cbb/players/ej-anosike-1.html,Guard
/cbb/players/jericho-sims-1.html,Guard
/cbb/players/kai-jones-1.html,Guard
/cbb/players/matt-coleman-3.html,Wing
/cbb/players/jase-febres-1.html,Big
/cbb/players/greg-brown-9.html,Guard
/cbb/players/andrew-jones-3.html,Wing
/cbb/players/courtney-ramey-1.html,Wing
/cbb/players/royce-hammjr-1.html,Guard
/cbb/players/donovan-williams-3.html,Big
/cbb/players/brock-cunningham-1.html,Big
/cbb/players/emanuel-miller-1.html,Guard
/cbb/players/quenton-jackson-1.html,Wing
/cbb/players/savion-flagg-1.html,Big
/cbb/players/jaxson-robinson-1.html,Big
/cbb/players/hayden-hefner-1.html,Big
/cbb/players/jayjay-chandler-1.html,Big
/cbb/players/andre-gordon-1.html,Wing
/cbb/players/hassan-diarra-1.html,Wing
/cbb/players/tyreek-smith-1.html,Guard
/cbb/players/kyler-edwards-1.html,Big
/cbb/players/terrence-shannonjr-1.html,Big
/cbb/players/marcus-santos-silva-1.html,Guard
/cbb/players/matthew-mcclung-1.html,Wing
/cbb/players/chibuzo-agbo-1.html,Big
/cbb/players/clarence-nadolny-1.html,Big
/cbb/players/kevin-mccullar-1.html,Big
/cbb/players/jamarius-burton-1.html,Wing
/cbb/players/nimari-burnett-1.html,Wing
/cbb/players/micah-peavy-1.html,Big
/cbb/players/jaylen-forbes-1.html,Big
/cbb/players/sion-james-1.html,Wing
/cbb/players/rj-mcgee-1.html,Big
/cbb/players/jordan-walker-3.html,Wing
/cbb/players/tylan-pope-1.html,Guard
/cbb/players/nobal-days-1.html,Guard
/cbb/players/kevin-cross-1.html,Guard
/cbb/players/gabe-watson-1.html,Big
/cbb/players/jadan-coleman-1.html,Big
/cbb/players/darien-jackson-1.html,Wing
/cbb/players/elijah-joiner-1.html,Wing
/cbb/players/austin-richie-2.html,Big
/cbb/players/emmanuel-ugboh-1.html,Guard
/cbb/players/brandon-rachal-1.html,Big
/cbb/players/rey-idowu-1.html,Guard
/cbb/players/keyshawn-embery-1.html,Big
/cbb/players/curtis-haywoodii-1.html,Big
/cbb/players/keshawn-williams-1.html,Wing
/cbb/players/david-singleton-2.html,Big
/cbb/players/jalen-hill-1.html,Guard
/cbb/players/jaime-jaquezjr-1.html,Big
/cbb/players/cody-riley-1.html,Guard
/cbb/players/chris-smith-19.html,Guard
/cbb/players/jaylen-clark-1.html,Guard
/cbb/players/jules-bernard-1.html,Big
/cbb/players/johnny-juzang-1.html,Big
/cbb/players/tyger-campbell-1.html,Wing
/cbb/players/jake-kyman-1.html,Big
/cbb/players/evan-mobley-1.html,Guard
/cbb/players/isaiah-white-12.html,Big
/cbb/players/tahj-eaddy-1.html,Wing
/cbb/players/noah-baumann-1.html,Big
/cbb/players/chevez-goodwin-1.html,Guard
/cbb/players/drew-peterson-1.html,Big
/cbb/players/isaiah-mobley-1.html,Guard
/cbb/players/ethan-anderson-1.html,Wing
/cbb/players/max-agbonkpolo-1.html,Big
/cbb/players/mikael-jantunen-1.html,Guard
/cbb/players/pelle-larsson-1.html,Wing
/cbb/players/ian-martinez-2.html,Big
/cbb/players/branden-carlson-1.html,Guard
/cbb/players/alfonso-plummer-1.html,Big
/cbb/players/riley-battin-1.html,Big
/cbb/players/timmy-allen-1.html,Wing
/cbb/players/rylan-jones-1.html,Wing
/cbb/players/hason-ward-1.html,Guard
/cbb/players/nahshon-hyland-1.html,Wing
/cbb/players/jimmy-clarkiii-1.html,Wing
/cbb/players/vince-williams-2.html,Big
/cbb/players/levi-stockardiii-1.html,Guard
/cbb/players/corey-douglas-1.html,Guard
/cbb/players/keshawn-curry-1.html,Big
/cbb/players/jamir-watkins-1.html,Big
/cbb/players/josh-banks-1.html,Big
/cbb/players/mikeal-brown-jones-1.html,Guard
/cbb/players/adrian-balwinjr-1.html,Wing
/cbb/players/quentin-millora-brown-1.html,Guard
/cbb/players/dylan-disu-1.html,Guard
/cbb/players/scotty-pippenjr-1.html,Wing
/cbb/players/jordan-wright-1.html,Wing
/cbb/players/maxwell-evans-1.html,Big
/cbb/players/issac-mcbride-1.html,Big
/cbb/players/dj-harvey-1.html,Big
/cbb/players/trey-thomas-2.html,Wing
/cbb/players/clevon-brown-1.html,Guard
/cbb/players/ejike-obinna-1.html,Guard
/cbb/players/myles-stute-1.html,Big
/cbb/players/jermaine-samuels-1.html,Guard
/cbb/players/cole-swider-1.html,Big
/cbb/players/brandon-slater-1.html,Big
/cbb/players/collin-gillespie-1.html,Wing
/cbb/players/caleb-daniels-1.html,Big
/cbb/players/jeremiah-robinson-earl-1.html,Guard
/cbb/players/justin-moore-3.html,Big
/cbb/players/eric-dixon-1.html,Guard
/cbb/players/jay-huff-1.html,Guard
/cbb/players/trey-murphyiii-1.html,Big
/cbb/players/sam-hauser-1.html,Big
/cbb/players/thomas-woldetensae-1.html,Big
/cbb/players/justin-mckoy-1.html,Guard
/cbb/players/kihei-clark-1.html,Wing
/cbb/players/reece-beekman-1.html,Wing
/cbb/players/casey-morsell-1.html,Big
/cbb/players/hunter-cattoor-1.html,Big
/cbb/players/tyrece-radford-1.html,Big
/cbb/players/keve-aluma-1.html,Guard
/cbb/players/justyn-mutts-1.html,Guard
/cbb/players/david-nguessan-1.html,Guard
/cbb/players/nahiem-alleyne-1.html,Big
/cbb/players/jalen-cone-1.html,Big
/cbb/players/joseph-bamisile-1.html,Big
/cbb/players/wabissa-bede-1.html,Wing
/cbb/players/jonah-antonio-1.html,Big
/cbb/players/daivien-williamson-1.html,Wing
/cbb/players/ian-dubose-1.html,Wing
/cbb/players/isaiah-mucius-1.html,Guard
/cbb/players/ody-oguama-1.html,Guard
/cbb/players/jalen-johnson-1.html,Big
/cbb/players/ismael-massoud-1.html,Big
/cbb/players/jahcobi-neath-1.html,Wing
/cbb/players/isaiah-wilkins-2.html,Big
/cbb/players/carter-whitt-1.html,Wing
/cbb/players/riley-sorn-1.html,Guard
/cbb/players/jraan-brooks-1.html,Guard
/cbb/players/jamal-bey-1.html,Big
/cbb/players/nate-roberts-1.html,Guard
/cbb/players/marcus-tsohonis-1.html,Wing
/cbb/players/cole-bajema-1.html,Big
/cbb/players/quade-green-1.html,Wing
/cbb/players/hameir-wright-1.html,Big
/cbb/players/erik-stevenson-1.html,Wing
/cbb/players/nate-pryor-1.html,Wing
/cbb/players/raequan-battle-1.html,Big
/cbb/players/volodymyr-markovetskyy-1.html,Guard
/cbb/players/tj-bamba-1.html,Wing
/cbb/players/efe-abogidi-1.html,Guard
/cbb/players/aljaz-kunc-1.html,Big
/cbb/players/dj-rodman-1.html,Big
/cbb/players/dishon-jackson-1.html,Guard
/cbb/players/noah-williams-1.html,Wing
/cbb/players/isaac-bonton-1.html,Wing
/cbb/players/myles-warren-1.html,Wing
/cbb/players/andrej-jakimovski-1.html,Big
/cbb/players/ryan-rapp-1.html,Wing
/cbb/players/jalen-bridges-1.html,Big
/cbb/players/sean-mcneil-1.html,Big
/cbb/players/taz-sherman-1.html,Big
/cbb/players/miles-mcbride-1.html,Wing
/cbb/players/oscar-tshiebwe-1.html,Guard
/cbb/players/derek-culver-1.html,Guard
/cbb/players/emmitt-matthewsjr-1.html,Big
/cbb/players/jordan-mccabe-1.html,Wing
/cbb/players/gabe-osabuohien-1.html,Guard
/cbb/players/morris-udeze-1.html,Guard
/cbb/players/tyson-etienne-1.html,Big
/cbb/players/isaiah-poorbear-chandler-1.html,Guard
/cbb/players/dexter-dennis-1.html,Big
/cbb/players/ricky-counciliv-1.html,Big
/cbb/players/clarence-jackson-2.html,Guard
/cbb/players/trey-wade-1.html,Big
/cbb/players/craig-porterjr-1.html,Wing
/cbb/players/alterique-gilbert-1.html,Wing
/cbb/players/trevor-anderson-1.html,Big
/cbb/players/micah-potter-1.html,Guard
/cbb/players/dmitrik-trice-1.html,Wing
/cbb/players/aleem-ford-1.html,Big
/cbb/players/brad-davison-1.html,Big
/cbb/players/jonathan-davis-3.html,Big
/cbb/players/tyler-wahl-1.html,Guard
/cbb/players/nate-reuvers-1.html,Guard
/cbb/players/nate-johnson-6.html,Big
/cbb/players/bryan-griffin-1.html,Guard
/cbb/players/zach-freemantle-1.html,Guard
/cbb/players/colby-jones-1.html,Wing
/cbb/players/paul-scruggs-1.html,Wing
/cbb/players/cj-wilcher-1.html,Big
/cbb/players/kyky-tandy-1.html,Wing
/cbb/players/dwon-odom-1.html,Wing
/cbb/players/adam-kunkel-1.html,Big
/cbb/players/jason-carter-5.html,Guard
